6000,wenyao
6001,marco
6002,aizan
6003,afshin
6004,almoatazbellah
6005,amer
6006,anik
6007,asensio
6008,darlington
6009,duke
6010,elmamber
6011,francisco
6012,geraldo
6013,gopikiran
6014,guilherme
6015,inyoman
6016,ibrahim
6017,jack
6018,jaime
6019,josepha
6020,josephd
6021,juan
6022,juaneduardo
6023,lawal
6024,manuel
6025,maswar
6026,mishari
6027,mohammedmustapha
6028,monica
6029,nicolas
6030,odunlami
6031,pedro
6032,rafael
6033,ranjana
6034,rintse
6035,robert
6036,rodrigo
6037,ronnie
6038,sameer
6039,son
6040,stefano
6041,steven
6042,viktor
6043,talal
6044,dudi
